image_src,title,description,source,date,url,category
vizag-helmet-drive.jpg,"NGO Donates 400 Helmets to Vizag Home Guards; City Commissioner Flags Accident Risks","Visakhapatnam Police Commissioner flagged off a road safety drive by Aap Sab Ki Awaaz, which distributed 400 helmets to home guards to protect frontline personnel and raise public safety awareness.","The Hindu / Vizag Police","May 15, 2026","https://x.com/vizagcitypolice/status/2053409077724901841?s=20",road-safety
vijayawada-medical-camp.jpg,"Free Medical Camp Held for Home Guards and Families in Vijayawada AR Grounds","Ahead of Rising Day, NTR District Police Commissioner SV Rajashekar Babu inaugurated a free mega health camp organized by Aap Sab Ki Awaaz for police personnel and their families.","Sakshi / NTR District Police","November 30, 2025","https://share.google/1k9ZzS1DjT8ZudAsh",healthcare
guntur-helmet-distribution.jpg,"Road Safety Counseling & Helmet Distribution Held at Guntur and Vijayawada HOD Buildings","Led by Director of Prosecutions Baira Rama Koteswara Rao, a free helmet distribution drive and traffic safety awareness seminars were conducted for regional home guards and staff.","Director of Prosecutions Release","May 13, 2026","https://youtu.be/PtXLwjquVxo",road-safety
sports-achievements.jpg,"Global Sports Triumphs: Bahrain Boccia Silver and Malaysia Weightlifting Bronze","Aap Sab Ki Awaaz celebrates its supported athletes: a physically challenged Boccia player won a Silver Medal in Bahrain, and weightlifting prodigy Sai Shakthi (daughter of a tailor) won a Bronze Medal in Malaysia.","ASKA Sports Impact","May 15, 2026","#",sports
drinking-water-donations.jpg,"Clean Drinking Water Initiative: Water Dispensers Donated to MVP Police Station and MRO Office","In a dedicated public utility initiative, Aap Sab Ki Awaaz donated clean drinking water dispensers to MVP Police Station, Visakhapatnam MRO Office, and multiple Primary Health Centers.","Visakhapatnam City PR","May 14, 2026","#",water
radha-madhavi-mahila-morcha.jpg,"Dr. Sanakayyala Radha Madhavi Appointed Guntur District Mahila Morcha President","Advisory board physician Dr. Sanakayyala Radha Madhavi, daughter-in-law of Former Health Minister Sanakayyala Aruna, has been appointed Mahila Morcha President for Guntur District.","Guntur District News","December 11, 2025","#",civic
student-drunk-drive-counseling.jpg,"Student Drunk & Drive Outreach Seminars & Road Safety Clubs Set Up in Universities","Aap Sab Ki Awaaz launched interactive seminars and parent counseling programs regarding student drunk & drive cases, establishing Road Safety Clubs in regional colleges.","Andhra University Times","May 15, 2026","https://youtube.com/shorts/2WhwCvrKUUk",road-safety
bharatiyam-sakshi-coverage.jpg,"Bharatiyam - Kargil Vijay Diwas Poster Unveiled by District Principal Judge","District Principal Judge Chinnamsetty Raju unveiled the poster for Bharatiyam, the national integration cultural program marking Kargil Vijay Diwas at VMRDA Childrens Arena, Siripuram. Aap Sab Ki Awaaz General Secretary Bavisetti Kiran Kumar and Patron Dr. P. Subramanyam joined the launch, announcing felicitation and financial support for the families of martyred soldiers.","Sakshi (Visakhapatnam East, Page 11)","July 24, 2026","https://epaper.sakshi.com/",civic
bharatiyam-invitation.jpg,"Bharatiyam: National Integration Cultural Program Marks Kargil Vijay Diwas in Visakhapatnam","Held on 25 July 2026 at the VMRDA Childrens Arena with VMRDA Chairperson Shri M V Pranav Gopal as Chief Guest, Bharatiyam featured a live performance by the Eastern Naval Command Naval Symphony and cultural showcases by schools and academies across the city. ACME and Aap Sab Ki Awaaz honoured Dr. Chandra Shekhar, President of Veterans (AP & Telangana), and the wives of late CPO Ashok Kumar Singh and late L Naik Kolli Purna Ramachandra Reddy.","ACME / Aap Sab Ki Awaaz","July 25, 2026","#",civic
